<?xml version="1.0" encoding="UTF-8" standalone="yes"?>
<addon id="plugin.video.KronosPlay.Matrix" name="[B][COLOR white]KronosPlay[/COLOR][/B]" version="4.0" provider-name="[B][COLOR white]KronosPlay[/COLOR][/B]"> 
<requires>
    <import addon="xbmc.python" version="3.0.0"/>
    <import addon="script.module.requests"/>
    <import addon="script.module.simplejson"/>
	<import addon="script.module.kodi-six" />
</requires>
<extension point="xbmc.python.pluginsource" library="default.py">
	<provides>video</provides>
</extension>
<extension point="xbmc.addon.repository" name="Kronos Play Repository">
<dir>
<info compressed="false">https://raw.github.com/kronosrisk/kronosplay/master/repo/addons_matrix.xml</info>
<checksum>https://raw.github.com/kronosrisk/kronosplay/master/repo/addons_matrix.xml.md5</checksum>
<datadir zip="true">https://raw.github.com/kronosrisk/kronosplay/master/repo/Plugins/</datadir>
<hashes>false</hashes>
</dir>
</extension> 
<extension point="xbmc.addon.metadata">
	<summary></summary>
	<description>[B][COLOR gold]●[/COLOR] [COLOR white]KronosPlay é um AGREGADOR de links, e como sites de pesquisa como google, apenas agrega e organiza os links externos. Não somos responsáveis pelos conteúdos aqui encontrados.[/COLOR][/B]</description>
    <disclaimer>[B][COLOR white]SEJA BEM VINDO [COLOR gold]:)[/COLOR][/COLOR][/B]</disclaimer>
    <platform>all</platform>
	<assets>
       <icon>icon.png</icon>
       <fanart>fanart.jpg</fanart>
    </assets>
</extension>
</addon>