<?xml version="1.0" encoding="UTF-8" standalone="yes"?>
<addon id="plugin.video.PlayCine" name="[B][COLOR red]Play[/COLOR] [COLOR white]Cine[/COLOR][/B]" version="1.0.5" provider-name="Equipe OnePlay"> 
    <requires>
        <import addon="xbmc.python" version="2.1.0"/>
        <import addon="script.module.future"/>
		<import addon="script.module.simplejson"/>
    </requires>
    <extension point="xbmc.python.pluginsource" library="main.py">
        <provides>video</provides>
    </extension>
  <extension point="xbmc.addon.repository" name="[B][COLOR red]Play[/COLOR] [COLOR white]Cine[/COLOR][/B]">
	<info compressed="false">https://raw.githubusercontent.com/OnePlayHD/OneRepo/master/addons.xml</info>
	<checksum>https://raw.githubusercontent.com/OnePlayHD/OneRepo/master/addons.xml.md5</checksum>
	<datadir zip="true">https://raw.githubusercontent.com/OnePlayHD/OneRepo/master/ZipFiles/</datadir>
  </extension>
    <extension point="xbmc.addon.metadata">
        <summary>Play Cine para sua Familia.</summary>
        <description>Play Cine oferece as melhores séries e filmes para você no seu kodi.</description>
        <disclaimer>PlayCine não hospeda os conteudos, todos os filmes e series são links agregados ao addon.</disclaimer>
        <platform>all</platform>
    </extension>
</addon>