﻿<?xml version="3.0.0" encoding="UTF-8" standalone="yes"?>
<addon id="plugin.video.magusplay.matrix" name="MAGUSPLAY-VIDEO" version="3.0.0+matrix.1" provider-name="Magus Iav"> 
<requires>
    <import addon="xbmc.python" version="3.0.0"/>
    <import addon="script.module.requests"/>
    <import addon="script.module.simplejson"/>
	<import addon="script.module.kodi-six" />
</requires>  
<extension point="xbmc.python.pluginsource" library="default.py">
	<provides>video</provides>
</extension>   
<extension point="xbmc.addon.metadata">
	<summary lang="pt">Addon Magusplay filmes series e animes atualizados Diariamente</summary>
	<description lang="pt">Addon para entreterimento sem fins lucrativos todos os links estão disponiveis na internet.</description>
	<disclaimer lang="pt">O autor não é de forma alguma afiliado ao Kodi, Team Kodi ou a XBMC Foundation. Este é um recurso sem fins lucrativos.</disclaimer>
    <platform>all</platform>
	<assets>
       <icon>icon.png</icon>
       <fanart>fanart.jpg</fanart>
	   <screenshot>resources/screenshots/1.png</screenshot>
       <screenshot>resources/screenshots/2.jpg</screenshot>
       <screenshot>resources/screenshots/3.jpeg</screenshot>
    </assets>
	<news>
v1.0.0.matrix.1
	</news>
</extension>
</addon>