<?xml version="1.1" encoding="UTF-8" standalone="yes"?>
<addon id="plugin.video.Thepiratebr"
       name="[B][COLOR yellow]The Pirate[/COLOR] [COLOR green]Br+[/COLOR][/B]"
       version="1.1"
       provider-name="TPB+">  <requires>
    <import addon="xbmc.python" version="2.1.0"/>
    <import addon="script.module.beautifulsoup" version="3.2.1"/>
    <import addon="script.module.simple.downloader" version="0.9.4"/>
    <import addon="script.module.beautifulsoup4"/>
    <import addon="script.module.requests"/>
    <import addon="script.module.httplib2"/>
    <import addon="script.module.youtube.dl" optional="true"/>
    <import addon="plugin.video.youtube"/>
    <import addon="script.module.urlresolver" optional="true"/>
    <import addon="script.module.simplejson"/> 
  </requires>
  <extension point="xbmc.python.pluginsource" library="default.py">
        <provides>video</provides>
  </extension>
  <extension point="xbmc.addon.metadata">
    <summary>[I][COLOR yellow]O Melhor do torrent,na sua casa[/COLOR][/I]</summary>
<description>

[I]Somos apenas um agregador de links,tal como google.com[/I]

[B]Addon voltado para apenas filmes e séries[/B]
[B]Não deixem o torrent morrer,virem SEEDRS![/B]

[B][COLOR yellow]Não aceitamos doações. Addon totalmento gratuito![/COLOR][/B]
</description>
        <news>V1.1 - Correçoes de sublinks. Agora com nome nas qualidades dos filmes.</news>   
	<platform>all</platform>
<assets>
       <icon>icon.png</icon>
       <fanart>fanart.jpg</fanart>
       <screenshot>resources/screenshots/1.jpg</screenshot>
       <screenshot>resources/screenshots/2.jpg</screenshot>
       <screenshot>resources/screenshots/3.jpg</screenshot>
    </assets>
  </extension>
</addon>
