{
    "name" : "[COLOR FFFF6B00]flechanegra[/COLOR]",
    "plugin" : "plugin.video.flechanegra",
    "priority" : 400,
    "play_movie" : "plugin://plugin.video.flechanegra.Matrix/?fanart=https%3a%2f%2fi.imgur.com%2fel8Ntlk.jpg&amp;mode=1&amp;name=%5bCOLOR%20lime%5dFLECHA%20NEGRA%20%5bCOLOR%20yellow%5d%20FILMES%20M3U%20%5b%2fCOLOR%5d&amp;url=6148523063446F764C325A735A574E6F5957356C5A334A684C6D4630633342685932557559324D765957526B6232356D6247566A614746755A5764795953396D62476C745A584D765A6931744D33553D&quot{tmdb}",
    "play_episode" : "plugin://plugin.video.elementum/library/play/show/{tmdb}/season/{season}/episode/{episode}"
}