<?xml version="1.0" encoding="UTF-8" standalone="yes"?>
<addon id="plugin.video.tubed" name="Tubed" version="1.0.2~beta1" provider-name="anxdpanic">
    <requires>
        <import addon="xbmc.python" version="3.0.0"/>
        <import addon="inputstream.adaptive"/>
        <import addon="script.module.arrow" version="0.15.5+matrix.1"/>
        <import addon="script.module.requests" version="2.22.0+matrix.1"/>
        <import addon="script.module.pyxbmct" version="1.3.1+matrix.1"/>
        <import addon="script.module.tubed.api" version="1.0.0"/>
    </requires>
    <extension point="xbmc.python.pluginsource" library="resources/lib/addon.py">
        <provides>video</provides>
    </extension>
    <extension point="xbmc.python.script" library="resources/lib/script.py"/>
    <extension point="xbmc.service" library="resources/lib/service.py"/>
    <extension point="xbmc.addon.metadata">
        <news>
- pt_BR translation |contrib: MediaBrasil|
- ro_RO translation |contrib: tmihai20|
        </news>
        <assets>
            <icon>resources/media/icon.png</icon>
            <fanart>resources/media/fanart.jpg</fanart>
        </assets>
        <platform>all</platform>
        <license>GPL-2.0-only</license>
        <source>https://github.com/anxdpanic/plugin.video.tubed</source>
        <website>https://panicked.xyz/tubed/</website>
        <forum>https://tubedaddon.panicked.xyz/forum</forum>
        <reuselanguageinvoker>true</reuselanguageinvoker>
        <summary lang="el_GR">Δείτε το αγαπημένο σας περιεχόμενο από το Youtube στο Kodi</summary>
        <summary lang="en_GB">Watch your favorite YouTube content on Kodi</summary>
        <summary lang="pt_BR">Assista aos seus conteúdos favoritos do Youtube no Kodi</summary>
        <summary lang="ro_RO">Urmărește conținutul Youtube favorit în Kodi</summary>
        <description lang="el_GR">Περιηγηθείτε στο αγαπημένο σας περιεχόμενο στο Kodi, δημιουργήστε, διαγράψτε, μετονομάστε λίστες αναπαραγωγής, εγγραφτείτε στα αγαπημένα σας κανάλια, βαθμολογείστε τα αγαπημένα σας βίντεο.</description>
        <description lang="en_GB">Browse your favorite content from YouTube; create, delete, and rename playlists; subscribe or unsubscribe from your favorite channels; and rate your favorite videos.</description>
        <description lang="pt_BR">Navegue pelo seu conteúdo favorito do YouTube; criar, excluir e renomear listas de reprodução; inscreva-se ou cancele a inscrição de seus canais favoritos; e avalie seus vídeos favoritos.</description>
        <description lang="ro_RO">Răsfoiește conținutul favorit de pe Youtube; creează, șterge și redenumește liste; abonează-te sau dezabonează-te de la canalele favorite; evaluează clipurile favorite.</description>
        <disclaimer lang="el_GR">Το Tubed κάνει χρήση πληροφοριών που λαμβάνονται από το API της Google και ακολουθεί της οδηγίες της πολιτικής χρήσης για τα προσωπικά δεδομένα της Google, συμπεριλαμβανομένου και τις απαιτήσεις περιορισμένης χρήσης. Για περισσότερες πληροφορίες και το πως επεξεργάζονται τα δεδομένα παρακαλώ δείτε την πολιτική απορρήτου του Tubed εδώ: https://panicked.xyz/tubed-privacy/</disclaimer>
        <disclaimer lang="en_GB">Tubed&#8217;s use of information received from Google APIs will adhere to the Google API Services User Data Policy, including the Limited Use requirements. For more information on how your data is handled see Tubed&#39;s Privacy Policy at https://panicked.xyz/tubed-privacy/</disclaimer>
        <disclaimer lang="pt_BR">Tubed&#8217;s informações recebidas das APIs do Google obedecerá à Política de dados do usuário dos serviços de API do Google, incluindo os requisitos de uso limitado. Para obter mais informações sobre como seus dados são tratados, consulte a Política de privacidade da Tubed em https://panicked.xyz/tubed-privacy/</disclaimer>
        <disclaimer lang="ro_RO">Utilizarea informațiilor primite de la API-urile Google prin Tubed va adera la politicile Google legate de datele utilizatorilor, inclusiv cerințele de Utilizare Limitată. Pentru mai multe informații despre cum sunt folosite datele utilizatorilor vezi Politica de Confidențialitate a Tubed la https://panicked.xyz/tubed-privacy/</disclaimer>
    </extension>
</addon>
