<?xml version="1.0" encoding="UTF-8" standalone="yes"?>
<addon id="plugin.video.maximus.Matrix" name="[B]Ma[COLOR red]x[/COLOR]imus[/B]" version="3.0.0+matrix.1" provider-name="[B]Ma[COLOR red]x[/COLOR]imus[/B]"> 
<requires>
    <import addon="xbmc.python" version="3.0.0"/>
    <import addon="script.module.requests"/>
    <import addon="script.module.simplejson"/>
	<import addon="script.module.kodi-six" />
</requires>  
<extension point="xbmc.python.pluginsource" library="default.py">
	<provides>video</provides>
</extension>

<extension point="xbmc.addon.metadata">
    <summary lang="en">Seja muito bem-vindo ao nosso ADDON Ma[COLOR red]x[/COLOR]imux. Queremos que se Divirta, obrigado por nos escolher!</summary>
    <description lang="en">[B][COLOR red]ADDON oficial MA[COLOR red]X[/COLOR]IMUS - Proibido reprodução total ou parcial sem prévia autorização[/COLOR][/B]
[B][COLOR white]Addon Ma[COLOR red]x[/COLOR]imus é de uso gratuito!![/COLOR][/B]
[B][COLOR firebrick]Mais um excelente addon de língua portuguesa como filmes recentes e também antigos, séries, animação em PT/BR.[/COLOR][/B]</description>
    <disclaimer lang="[B]ADDON Ma[COLOR red]x[/COLOR]imus - Matrix 2021[/B]"></disclaimer>
	<platform>all</platform>
    <assets>
	<icon>icon.gif</icon>
    <fanart>fanart.jpg</fanart>
    <screenshot>resources/screenshots/1.jpg</screenshot>
    <screenshot>resources/screenshots/2.jpg</screenshot>
    <screenshot>resources/screenshots/3.jpg</screenshot>

    </assets>
	<news>
v3.0.0.matrix.1
- Addon Maximus
	</news>	
</extension>
</addon>




