<?xml version="1.0" encoding="UTF-8" standalone="yes"?>

                   <!--// Robin Hood Wizard \\-->

<addon id="plugin.program.robinhood" name="[B][COLOR lime][COLOR lime]Robin Hood Wizard[COLOR lime][/COLOR][/B]" version="1.1.1" provider-name="[B][COLOR lime]RobinHood[/COLOR][/B]">.
  <requires>
    <import addon="xbmc.python" version="2.1.0"/>
  </requires>
  <extension point="xbmc.python.pluginsource" library="default.py">
        <provides>executable</provides>
  </extension>
  <extension point="xbmc.service" library="startup.py" start="startup" />
  <extension point="xbmc.addon.metadata">
    <summary lang="en">Robin Hood Wizard</summary>
    <description lang="en">Thanks for using Robin Hood Wizard...</description>
    <platform>all</platform>
	<website>https://www.kodibalkan.com</website>
  </extension>
</addon>