<?xml version="1.0" encoding="UTF-8" standalone="yes"?>
<addon id="plugin.video.TV-FOGO-Official"
       name="[B][COLOR red]Tv Fogo HD[/COLOR][/B]"
       version="9.0"
       provider-name="[B][COLOR yellow]Equipe: TV Fogo[/COLOR][/B]">
  <requires>
    <import addon="xbmc.python" version="2.1.0"/>
	<import addon="script.module.t0mm0.common" version="2.0.0"/>
    <import addon="script.module.beautifulsoup" version="3.2.1"/>
    <import addon="script.module.simple.downloader" version="0.9.4"/>
    <import addon="script.module.beautifulsoup4"/>
    <import addon="script.module.simple.downloader" version="0.9.4"/>
    <import addon="script.module.requests" />
    <import addon="script.module.httplib2" />
    <import addon="script.module.youtube.dl" optional="true"/>
    <import addon="script.module.urlresolver"/>
    <import addon="script.module.simplejson" /> 
    <import addon="script.common.plugin.cache" version="2.5.2"/>
    <import addon="script.module.metahandler" version="2.5.1"/>
	<import addon="script.module.livestreamer" optional="true"/>
	
  </requires>
  <extension point="xbmc.python.pluginsource" library="default.py">
    <provides>video</provides>
  </extension>
  <extension point="xbmc.addon.metadata">
    <summary lang="en">[COLOR red]OBRIGADO POR USAR NOSSO ADD-ON[/COLOR] - [COLOR darkorange]O ORIGINAL[/COLOR]</summary>
    <description lang="en">[B][COLOR red]*ESTAMOS DE VOLTA, O plugin.video.firehd É UMA CÓPIA, NÃO USE REPOSITÓRIOS DUVIDOSOS - RECOMENDAMOS O USO DA MEGAREPO E DA KODISH, O RESTO NÃO NOS RESPONSABILIZAMOS - CONTAMOS COM SUA COLABORAÇÃO - NÃO DEIXE O KODI BR VIRAR PAGO [/COLOR][/B] - [B][COLOR yellow]Tv Fogo HD é apenas um AGREGADOR de links e, assim como o Google.com, apenas agrega e organiza os links externos. Não somos responsáveis pelos arquivos aqui encontrados.[/COLOR][/B]
	Esse Add-on pertence a MEGAREPO TWTUTORIAIS, se você instalou esse add-on e não possui a MEGAREPO TWTUTORIAIS, está correndo sério risco de ter seu dispositivo infectado por VÍRUS, não baixe Add-ons que não sejam Oficial, Add-ons Oficiais somente no CANAL MEGATONY.</description>
	<news>
[B][COLOR chocolate]v9.0 - PEQUENAS CORREÇÕES, OBRIGADO POR USAR NOSSO ADD-ON[/COLOR][/B]
</news>
    <platform>all</platform>
	<assets>
<icon>icon.png</icon>
<fanart>fanart.jpg</fanart>
<screenshot>resources/screenshots/home.png</screenshot>
<screenshot>resources/screenshots/movies.png</screenshot>
<screenshot>resources/screenshots/series.png</screenshot>
</assets>
  </extension>
</addon>