<?xml version="1.0" encoding="UTF-8" standalone="yes"?>
<addon id="plugin.program.ArquivosKodi-Wizard" name="[COLOR blue]ArquivosKodi[/COLOR] [COLOR lavender]Wizard[/COLOR]" version="2.0" provider-name="ArquivosKodi">
  <requires>
    <import addon="xbmc.python" version="2.1.0"/>
  </requires>
  <extension point="xbmc.python.pluginsource" library="default.py">
        <provides>executable</provides>
  </extension>
  <extension point="xbmc.service" library="startup.py" start="startup" />
  <extension point="xbmc.addon.metadata">
    <summary lang="en">ArquivosKodi Wizard</summary>
    <description lang="en">ArquivosKodi é um instalador de Addons para kodi desenvolvido por arquivoskodi.com.br.</description>
    <platform>all</platform>
  </extension>
</addon>